Scenario,Label,nVmax,nKm,nV
WorkFlow,nVmax,0.15302034918304,0.0784027899456395,0.338406485639347
WorkFlow,nKm,0.0784027899456395,0.0569196533964277,0.151599454548528
WorkFlow,nV,0.338406485639347,0.151599454548528,0.78204631920023
