Scenario,RetCode,LogLik,-2LL,AIC,BIC,nParm,nObs,nSub,EpsShrinkage,Condition
WorkFlow,1,-3868.526790,7737.053580,7763.053580,7815.576891,13,420,60,0.124280,47759.925670
