Scenario,CMultStdev,tvVmax,tvKm,tvV,tvKa,dVdWT,CEps
WorkFlow,1,,,,,,
WorkFlow,0.216336340088221,1,,,,,
WorkFlow,0.0681149738809379,0.944282244841637,1,,,,
WorkFlow,0.51677993923129,0.132523926245182,-0.0419618757622566,1,,,
WorkFlow,0.0372361346606366,-0.408602811410106,-0.3799357990844,0.157531019139013,1,,
WorkFlow,-0.11415013410011,-0.173884605288999,-0.0433083544285828,-0.273527292569498,0.329882736717052,1,
WorkFlow,-0.151791041051892,-0.400282038963346,-0.412578707069573,0.129549428828781,0.266299909291328,0.0590398125017767,1
