Scenario,Var Name,CMultStdev,tvVmax,tvKm,tvV,tvKa,dVdWT,stdev0,nVmax-nVmax,nV-nVmax,nV-nV
WorkFlow,CMultStdev,0.00047703624,,,,,,,,,
WorkFlow,tvVmax,0.24625736,12857.978,,,,,,,,
WorkFlow,tvKm,1.3895013,19810.199,96647.604,,,,,,,
WorkFlow,tvV,-0.0023294703,1.022602,-37.497005,0.46132325,,,,,,
WorkFlow,tvKa,-0.00095835504,-5.5869896,-7.156422,0.053717462,0.029470528,,,,,
WorkFlow,dVdWT,0.00034134567,1.932458,9.7663739,-0.01064438,-0.0027131812,0.021163362,,,,
WorkFlow,stdev0,-0.3967314,120828.67,187664.8,269.93598,14.256972,-63.802568,6946648,,,
WorkFlow,nVmax-nVmax,4.692523e-05,-1.559693,0.80373952,0.00031786164,0.00045499506,-0.0004499632,8.7135082,0.0011278129,,
WorkFlow,nV-nVmax,-9.5034347e-07,-0.56472408,-1.1263293,-0.0012372943,-0.00037770328,-0.00082500772,3.6876216,0.00034054354,0.00029598584,
WorkFlow,nV-nV,5.9302349e-05,0.21737591,0.64256797,-0.0046975146,-0.00078785855,3.4982387e-05,10.605126,5.8451081e-05,0.00012603557,0.00042320449
