Scenario,Label,nVmax,nV
WorkFlow,nVmax,0.0335829260569356,0.0172042389630606
WorkFlow,nV,0.0172042389630606,0.0205719344120887
