Scenario,RetCode,LogLik,-2LL,AIC,BIC,nParm,nObs,nSub,EpsShrinkage,Condition
WorkFlow,1,-3903.335020,7806.670040,7826.670040,7867.072587,10,420,60,0.113940,15382.375310
