Scenario,CMultStdev,tvVmax,tvKm,tvV,tvKa,dVdWT,CEps
WorkFlow,1,,,,,,
WorkFlow,0.0994322352657292,1,,,,,
WorkFlow,0.204638673052451,0.56196201232505,1,,,,
WorkFlow,-0.157028620016613,0.0132775409059946,-0.177581762985734,1,,,
WorkFlow,-0.255597607480269,-0.287010360586255,-0.134093102174394,0.460700678013106,1,,
WorkFlow,0.107430197164091,0.117147061966555,0.21594615271512,-0.107727200369892,-0.108640686821981,1,
WorkFlow,-0.0068918091307445,0.404292819043416,0.229033820825478,0.150789274752124,0.031509802887762,-0.166401861405402,1
