Scenario,Var Name,CMultStdev,tvVmax,tvKm,tvV,tvKa,dVdWT,stdev0,nVmax-nVmax,nV-nVmax,nV-nV
WorkFlow,CMultStdev,0.0011335255,,,,,,,,,
WorkFlow,tvVmax,0.22448862,15393.659,,,,,,,,
WorkFlow,tvKm,-1.7785255,36400.326,127570.74,,,,,,,
WorkFlow,tvV,0.017983689,-20.909195,-82.35014,1.1688126,,,,,,
WorkFlow,tvKa,0.00053778013,-0.093580794,-4.334214,0.020467708,0.006958148,,,,,
WorkFlow,dVdWT,-0.0004489026,-4.683297,-22.617377,-0.062486734,0.0031828058,0.1207069,,,,
WorkFlow,stdev0,-0.010788973,9.1429543,35.525375,0.055638781,0.0233818,-0.10641247,4.3428292,,,
WorkFlow,nVmax-nVmax,2.0270131e-05,1.9475342,4.6744048,-0.00010098203,0.00036049011,0.00061791166,0.00062541593,0.00093260686,,
WorkFlow,nV-nVmax,0,0,0,0,0,0,0,0,0,
WorkFlow,nV-nV,3.8423564e-05,0.15788733,1.2594699,0.01898192,0.00046467481,-0.0021978725,0.0031907835,5.8504047e-05,0,0.0017750277
