Scenario,CMultStdev,tvVmax,tvKm,tvV,tvKa,dVdWT,CEps
WorkFlow,1,,,,,,
WorkFlow,0.0537412485319767,1,,,,,
WorkFlow,-0.147900244630593,0.821407750286945,1,,,,
WorkFlow,0.494072523800734,-0.155881276077545,-0.213263415597234,1,,,
WorkFlow,0.191488310699287,-0.00904209290977856,-0.145474867464268,0.22696032101726,1,,
WorkFlow,-0.038376946348503,-0.108646244921726,-0.182263888569426,-0.166360162249838,0.109824000735183,1,
WorkFlow,-0.153772291330636,0.0353613830904866,0.0477283863677514,0.0246955553045825,0.134506955012405,-0.146973858180872,1
