Scenario,Var Name,CMultStdev,tvVmax,tvKm,tvV,tvKa,dVdWT,stdev0,nVmax-nVmax,nKm-nVmax,nKm-nKm,nV-nVmax,nV-nKm,nV-nV,nKa-nVmax,nKa-nKm,nKa-nV,nKa-nKa
WorkFlow,CMultStdev,0.0011950972,,,,,,,,,,,,,,,,
WorkFlow,tvVmax,-0.12652075,23813.511,,,,,,,,,,,,,,,
WorkFlow,tvKm,-0.1396517,54961.49,165009.04,,,,,,,,,,,,,,
WorkFlow,tvV,0.016295486,-3.4214122,-20.33443,0.95721018,,,,,,,,,,,,,
WorkFlow,tvKa,0.0010173264,-2.4336362,-3.3207746,0.025313339,0.010089016,,,,,,,,,,,,
WorkFlow,dVdWT,0.0020370831,3.0210271,14.280849,-0.075326661,0.0043115156,0.14956039,,,,,,,,,,,
WorkFlow,stdev0,-0.0024945828,-3.8275411,-73.797503,0.068289903,-5.1922404e-05,-0.057950289,0.4165475,,,,,,,,,,
WorkFlow,nVmax-nVmax,0.00019840778,1.9431541,4.0161568,0.0049250972,0.00072442907,0.0017484043,0.0054523018,0.00090242336,,,,,,,,,
WorkFlow,nKm-nVmax,0,0,0,0,0,0,0,0,0,,,,,,,,
WorkFlow,nKm-nKm,-1.5195588e-05,-3.0474968,-6.5417758,-0.0011687647,0.00073921066,0.0071109683,-0.0031928984,-6.2362526e-05,0,0.0028051019,,,,,,,
WorkFlow,nV-nVmax,0,0,0,0,0,0,0,0,0,0,0,,,,,,
WorkFlow,nV-nKm,0,0,0,0,0,0,0,0,0,0,0,0,,,,,
WorkFlow,nV-nV,0.00013099585,2.99806,8.4085518,-0.01202913,-0.00028179627,0.00086837677,-0.010216846,-0.00015395439,0,-0.00047363376,0,0,0.0042466002,,,,
WorkFlow,nKa-nVmax,0,0,0,0,0,0,0,0,0,0,0,0,0,0,,,
WorkFlow,nKa-nKm,0,0,0,0,0,0,0,0,0,0,0,0,0,0,0,,
WorkFlow,nKa-nV,0,0,0,0,0,0,0,0,0,0,0,0,0,0,0,0,
WorkFlow,nKa-nKa,0.00032784428,6.3982966,11.536943,-0.00063280546,-0.0041788126,0.003751968,-0.0089351494,-0.00030308745,0,-0.0011476327,0,0,0.0020598609,0,0,0,0.025046138
