Scenario,Label,nVmax,nKm,nV,nKa
WorkFlow,nVmax,0.0300403621162484,0,0,0
WorkFlow,nKm,0,0.0529632125736687,0,0
WorkFlow,nV,0,0,0.0651659436520606,0
WorkFlow,nKa,0,0,0,0.158259717171106
