Scenario,Label,nVmax,nKm,nV,nKa
WorkFlow,Omega
WorkFlow,nVmax,0.093544655225762,0,0,0
WorkFlow,nKm,0,0.158208743527712,0,0
WorkFlow,nV,0,0,0.00937103552921609,0
WorkFlow,nKa,0,0,0,0.407671139523038
WorkFlow,Correlation
WorkFlow,nVmax,1,0,0,0
WorkFlow,nKm,0,1,0,0
WorkFlow,nV,0,0,1,0
WorkFlow,nKa,0,0,0,1
WorkFlow,Shrinkage,0.129224736909061,0.138753401085643,0.898020667546877,0.267951616259553
