Scenario,CMultStdev,tvVmax,tvKm,tvV,tvKa,dVdWT,CEps
WorkFlow,1,,,,,,
WorkFlow,-0.0237163805660336,1,,,,,
WorkFlow,-0.00994467813591536,0.876784590864195,1,,,,
WorkFlow,0.481794739670796,-0.0226615719529696,-0.0511651771603574,1,,,
WorkFlow,0.292977504739183,-0.157007188728751,-0.0813881381756019,0.257585474194662,1,,
WorkFlow,0.152369774597908,0.0506214538787796,0.090905854490381,-0.199084187190839,0.110993426727183,1,
WorkFlow,-0.111805725587574,-0.0384304863682613,-0.281485175543232,0.108148518977398,-0.000800936565094128,-0.232174782876933,1
