Scenario,Var Name,CMultStdev,tvVmax,tvKm,tvV,tvKa,dVdWT,stdev0,nVmax-nVmax,nKm-nVmax,nKm-nKm,nV-nVmax,nV-nKm,nV-nV
WorkFlow,CMultStdev,0.00092193843,,,,,,,,,,,,
WorkFlow,tvVmax,0.31904011,20273.739,,,,,,,,,,,
WorkFlow,tvKm,-0.78508872,49154.402,161185.81,,,,,,,,,,
WorkFlow,tvV,0.017555753,-21.98039,-60.560669,1.1821714,,,,,,,,,
WorkFlow,tvKa,0.00048322848,-2.9612015,-12.354822,0.0099270413,0.0088433501,,,,,,,,
WorkFlow,dVdWT,-0.00038955211,3.3390676,8.0547059,-0.1268657,0.0094235183,0.15240104,,,,,,,
WorkFlow,stdev0,-0.0037390933,-36.452874,-141.20692,-0.21835554,0.0051322108,0.031836109,0.6795113,,,,,,
WorkFlow,nVmax-nVmax,0.0001047731,2.2380844,7.6012963,0.0045963328,-0.00094501071,0.00053142328,-0.0023126693,0.0010655922,,,,,
WorkFlow,nKm-nVmax,0,0,0,0,0,0,0,0,0,,,,
WorkFlow,nKm-nKm,0.00012364262,1.4679244,0.74186911,0.012269012,-0.00028931916,-0.0008212489,-0.010295596,-0.00011566,0,0.0025312612,,,
WorkFlow,nV-nVmax,0,0,0,0,0,0,0,0,0,0,0,,
WorkFlow,nV-nKm,0,0,0,0,0,0,0,0,0,0,0,0,
WorkFlow,nV-nV,-0.00024474009,2.5118745,10.003147,-0.014556898,-0.00018527726,0.0013359734,-0.0066035815,1.9934995e-05,0,-0.00044958279,0,0,0.0031256672
