Scenario,Label,nVmax,nKm,nV
WorkFlow,nVmax,0.0326434102297799,0,0
WorkFlow,nKm,0,0.0503116409616401,0
WorkFlow,nV,0,0,0.0559076668249299
