Scenario,CMultStdev,tvVmax,tvKm,tvV,tvKa,dVdWT,CEps
WorkFlow,1,,,,,,
WorkFlow,0.073795079132829,1,,,,,
WorkFlow,-0.0644027437593889,0.859868593866365,1,,,,
WorkFlow,0.531775447145186,-0.141980351243609,-0.138735319209593,1,,,
WorkFlow,0.169236155010246,-0.221152899809648,-0.327238713052721,0.0970892613736495,1,,
WorkFlow,-0.0328640161782431,0.0600709271202267,0.0513916215782875,-0.298889073455298,0.256691038969866,1,
WorkFlow,-0.149388440972016,-0.310575014042804,-0.426672085087898,-0.243627131099232,0.0662060590256706,0.0989299238954641,1
