Scenario,Var Name,CMultStdev,tvVmax,tvKm,tvV,tvKa,stdev0,nVmax-nVmax,nV-nVmax,nV-nV
WorkFlow,CMultStdev,0.0011192936,,,,,,,,
WorkFlow,tvVmax,0.29567004,12967.492,,,,,,,
WorkFlow,tvKm,-1.5976633,27965.344,97063.426,,,,,,
WorkFlow,tvV,0.0179221,-18.195568,-81.405651,1.1220897,,,,,
WorkFlow,tvKa,0.00057593882,-0.34609474,-4.1916374,0.020759447,0.0067659396,,,,
WorkFlow,stdev0,-0.0046944878,-40.060693,-68.420579,-0.1314689,0.0079581849,1.4986395,,,
WorkFlow,nVmax-nVmax,5.9820802e-05,1.8647138,4.0581725,0.0011313499,0.00022059807,-0.014300653,0.00096177796,,
WorkFlow,nV-nVmax,0,0,0,0,0,0,0,0,
WorkFlow,nV-nV,5.2762527e-05,0.33550951,1.3843891,0.01800766,0.00032705804,-0.013968933,0.00012690039,0,0.0017626712
