Scenario,Label,nVmax,nV
WorkFlow,nVmax,0.0310125451622911,0
WorkFlow,nV,0,0.0419841782428571
