Scenario,CMultStdev,tvVmax,tvKm,tvV,tvKa,CEps
WorkFlow,1,,,,,
WorkFlow,0.0776081479507609,1,,,,
WorkFlow,-0.153279983893664,0.788250679839896,1,,,
WorkFlow,0.505711832299858,-0.150842536554288,-0.24666808217939,1,,
WorkFlow,0.209286054124403,-0.0369490213628764,-0.163565551535754,0.238252753910163,1,
WorkFlow,-0.114621902109669,-0.287370284612389,-0.179395002928902,-0.10138194871043,0.0790317092233677,1
