Scenario,Var Name,CMultStdev,tvVmax,tvKm,tvV,tvKa,K12,K21,stdev0,nVmax-nVmax,nKm-nVmax,nKm-nKm,nV-nVmax,nV-nKm,nV-nV
WorkFlow,CMultStdev,0.00041468006,,,,,,,,,,,,,
WorkFlow,tvVmax,-0.055799638,17455.555,,,,,,,,,,,,
WorkFlow,tvKm,0.52025842,26899.641,77257.661,,,,,,,,,,,
WorkFlow,tvV,-7.5101974e-05,7.4965602,11.554026,0.0077562696,,,,,,,,,,
WorkFlow,tvKa,-1.9435539e-05,0.21227676,0.86831807,-4.5717269e-06,5.2528377e-05,,,,,,,,,
WorkFlow,K12,-0.00023044704,-8.0130641,-11.877285,-0.0085125051,-5.257797e-05,0.017635236,,,,,,,,
WorkFlow,K21,1.9156009e-05,-0.19117053,0.085068251,-0.00044264569,-2.9080342e-05,0.00077319774,0.00012495736,,,,,,,
WorkFlow,stdev0,-1.4553206,355545.03,921398.76,128.36335,14.722446,-97.698171,0.9842649,12998560,,,,,,
WorkFlow,nVmax-nVmax,-4.6594242e-07,1.0187,3.3248951,-6.9853138e-07,0.00013647182,0.00016401057,1.7599081e-05,65.963687,0.0010549976,,,,,
WorkFlow,nKm-nVmax,4.5497956e-05,0.23675588,1.7796947,-0.00022619278,5.7490713e-05,0.00043173202,5.4584358e-05,32.386921,0.00035838807,0.00028589924,,,,
WorkFlow,nKm-nKm,7.2924531e-05,-0.030856366,1.2911093,-0.00028260018,2.3850683e-05,0.00054374387,3.7220548e-05,16.538359,9.698709e-05,0.00021822257,0.00031473801,,,
WorkFlow,nV-nVmax,-1.5819957e-05,0.60597952,1.8253036,0.00021120895,5.4828989e-05,-0.00012562194,-2.8544901e-05,32.042553,0.00033688881,0.00011267803,3.8974942e-05,0.00015770271,,
WorkFlow,nV-nKm,1.1741594e-05,-0.15283882,0.077199202,-0.00015036848,4.1031911e-06,0.00035638379,3.2481185e-06,1.3108768,-2.5945702e-05,6.5242801e-05,0.00013589106,9.4499989e-06,7.9938282e-05,
WorkFlow,nV-nV,-6.379417e-05,-0.81016736,-2.8378775,-0.00024442825,-4.2114439e-05,0.00042915323,-3.490309e-05,-39.22119,-0.00024857149,-0.00017674902,-6.8654497e-05,-8.5058905e-05,2.9575151e-05,0.00026142831
