Scenario,Label,nVmax,nKm,nV
WorkFlow,nVmax,0.0324807262621714,0.0169085552008663,0.0125579740815307
WorkFlow,nKm,0.0169085552008663,0.0177408571731682,0.00894082112993002
WorkFlow,nV,0.0125579740815307,0.00894082112993002,0.0161687447038983
