Scenario,Var Name,CMultStdev,tvVmax,tvKm,tvV,tvKa,dVdWT,stdev0,nVmax-nVmax
WorkFlow,CMultStdev,0.0006565045,,,,,,,
WorkFlow,tvVmax,1.2997489,21489.313,,,,,,
WorkFlow,tvKm,4.0571864,69963.926,320092.93,,,,,
WorkFlow,tvV,-0.0042011899,-11.951605,-21.296142,0.288939,,,,
WorkFlow,tvKa,-0.0010779557,-2.3157554,-5.2055163,0.028021084,0.0061626377,,,
WorkFlow,dVdWT,0.00086277864,3.9280343,18.791918,-0.00016766423,-0.00025530207,0.016149929,,
WorkFlow,stdev0,-0.0039989647,50.128612,53.880468,0.2018551,0.035065196,0.0061780723,4.8635959,
WorkFlow,nVmax-nVmax,-0.00011814924,-0.82039836,-0.53159043,0.0044810336,0.00064299483,8.7855428e-05,0.010335674,0.0003964264
