Scenario,CMultStdev,tvVmax,tvKm,tvV,tvKa,dVdWT,CEps
WorkFlow,1,,,,,,
WorkFlow,0.346042427928161,1,,,,,
WorkFlow,0.279877551438636,0.843577260614078,1,,,,
WorkFlow,-0.305035494544665,-0.151674257357678,-0.070026079249065,1,,,
WorkFlow,-0.535918494191042,-0.20123248429443,-0.117204004416242,0.664046558675651,1,,
WorkFlow,0.264969091764262,0.210852468528969,0.26136519385018,-0.00245443782162446,-0.0255909089492932,1,
WorkFlow,-0.0707701270269097,0.155058531415557,0.0431831760824307,0.170277752311211,0.202541587301704,0.0220439251299794,1
