Scenario,Var Name,CMultStdev,tvVmax,tvKm,tvV,tvKa,K12,K21,stdev0,nVmax-nVmax,nKm-nVmax,nKm-nKm,nV-nVmax,nV-nKm,nV-nV,nKa-nVmax,nKa-nKm,nKa-nV,nKa-nKa
WorkFlow,CMultStdev,0.0010892866,,,,,,,,,,,,,,,,,
WorkFlow,tvVmax,-4.0487842,351269.86,,,,,,,,,,,,,,,,
WorkFlow,tvKm,-11.258427,906170.21,2463048.5,,,,,,,,,,,,,,,
WorkFlow,tvV,-0.011323304,-273.10206,-565.46613,12.597915,,,,,,,,,,,,,,
WorkFlow,tvKa,-0.00073800089,-8.2760491,-10.557513,0.55731235,0.028595465,,,,,,,,,,,,,
WorkFlow,K12,3.0820603e-06,86.880994,224.53374,-0.8185534,-0.023079061,0.16351767,,,,,,,,,,,,
WorkFlow,K21,-0.0022208383,15.018508,52.277316,0.83834437,0.045755133,0.0059107056,0.093631761,,,,,,,,,,,
WorkFlow,stdev0,-7.1403613,441103.66,1101636.8,437.61821,15.02025,21.16376,37.970984,1329889.6,,,,,,,,,,
WorkFlow,nVmax-nVmax,0.00058071857,-35.834935,-89.491133,-0.035608659,-0.0012235196,-0.0017166873,-0.0030929884,-108.01111,0.0087724743,,,,,,,,,
WorkFlow,nKm-nVmax,0,0,0,0,0,0,0,0,0,0,,,,,,,,
WorkFlow,nKm-nKm,-0.00016913583,1.6999622,9.7483874,0.046334578,0.0023753065,-0.00092505503,0.0031628229,22.89052,-0.001857131,0,0.0044486465,,,,,,,
WorkFlow,nV-nVmax,0,0,0,0,0,0,0,0,0,0,0,0,,,,,,
WorkFlow,nV-nKm,0,0,0,0,0,0,0,0,0,0,0,0,0,,,,,
WorkFlow,nV-nV,7.9009587e-05,22.278809,39.442703,0.16411129,0.0058758152,-0.016710723,0.0033645782,195.09512,-0.015845113,0,0.005096538,0,0,0.05571374,,,,
WorkFlow,nKa-nVmax,0,0,0,0,0,0,0,0,0,0,0,0,0,0,0,,,
WorkFlow,nKa-nKm,0,0,0,0,0,0,0,0,0,0,0,0,0,0,0,0,,
WorkFlow,nKa-nV,0,0,0,0,0,0,0,0,0,0,0,0,0,0,0,0,0,
WorkFlow,nKa-nKa,-9.5581857e-05,-1.9532765,-11.67518,0.20754558,0.0074801066,-0.016324301,0.012477252,5.255926,-0.00042827799,0,0.00013870693,0,0,6.8880667e-05,0,0,0,0.017260483
