Scenario,Label,nVmax,nKm,nV,nKa
WorkFlow,Omega
WorkFlow,nVmax,1.96695266955651e-05,0,0,0
WorkFlow,nKm,0,0.178463455857628,0,0
WorkFlow,nV,0,0,0.483702894446847,0
WorkFlow,nKa,0,0,0,0.303005498190536
WorkFlow,Correlation
WorkFlow,nVmax,1,0,0,0
WorkFlow,nKm,0,1,0,0
WorkFlow,nV,0,0,1,0
WorkFlow,nKa,0,0,0,1
WorkFlow,Shrinkage,0.989508761674547,0.152617018633717,0.135814773454142,0.28117877347291
