Scenario,Label,nVmax,nV
WorkFlow,Omega
WorkFlow,nVmax,0.19082070323545,0.0796697399382983
WorkFlow,nV,0.0796697399382983,0.127811176739145
WorkFlow,Correlation
WorkFlow,nVmax,1,0.510148056926447
WorkFlow,nV,0.510148056926447,1
WorkFlow,Shrinkage,0.128847825883408,0.150216026129439
