Scenario,Label,nVmax,nV
WorkFlow,nVmax,0.0917896035467583,0.044115542254708
WorkFlow,nV,0.044115542254708,0.0395288819010497
