Scenario,Var Name,CMultStdev,tvVmax,tvKm,tvV,tvKa,stdev0,nVmax-nVmax
WorkFlow,CMultStdev,0.0005651112,,,,,,
WorkFlow,tvVmax,0.63438976,8946.5022,,,,,
WorkFlow,tvKm,1.672477,21051.344,125626.82,,,,
WorkFlow,tvV,-0.0033901574,1.4589761,32.964322,0.29351828,,,
WorkFlow,tvKa,-0.00088932273,-0.41905093,1.8404206,0.026722876,0.0055554199,,
WorkFlow,stdev0,0.0017846223,9.0493044,1.5588248,0.040584543,0.0011490504,0.15912462,
WorkFlow,nVmax-nVmax,-0.00011048642,-0.70019938,-0.68438651,0.0046752214,0.00060450642,0.0016861045,0.00038777605
