Scenario,CMultStdev,tvVmax,tvKm,tvV,tvKa,CEps
WorkFlow,1,,,,,
WorkFlow,0.282138642066602,1,,,,
WorkFlow,0.198496119808979,0.627931136706324,1,,,
WorkFlow,-0.26322996977885,0.02847108185015,0.171666435980347,1,,
WorkFlow,-0.501919405951019,-0.0594404007631371,0.069665451785437,0.661770160123277,1,
WorkFlow,0.188196121144137,0.239839035303062,0.011025224406136,0.187790835909888,0.0386466582270684,1
